date,quarter,ls,ps,cs,goss
1970-01-01,1970Q1,73.162361,20.959558,5.878082,26.837641
1970-04-01,1970Q2,72.912872,21.094042,5.993086,27.087128
1970-07-01,1970Q3,72.956093,20.164410,6.879499,27.043909
1970-10-01,1970Q4,71.637375,20.950010,7.412615,28.362625
1971-01-01,1971Q1,71.948837,18.543451,9.507710,28.051161
1971-04-01,1971Q2,71.978783,15.868650,12.152566,28.021217
1971-07-01,1971Q3,71.344933,15.966931,12.688139,28.655071
1971-10-01,1971Q4,70.980331,19.134039,9.885633,29.019672
1972-01-01,1972Q1,71.663231,20.426443,7.910326,28.336769
1972-04-01,1972Q2,71.265244,21.776384,6.958371,28.734756
1972-07-01,1972Q3,71.289627,22.895142,5.815230,28.710373
1972-10-01,1972Q4,70.717651,26.338232,2.944118,29.282351
1973-01-01,1973Q1,69.012604,29.280891,1.706508,30.987400
1973-04-01,1973Q2,70.990166,30.141302,-1.131466,29.009836
1973-07-01,1973Q3,72.236221,30.255795,-2.492017,27.763779
1973-10-01,1973Q4,72.143967,29.304821,-1.448786,27.856035
1974-01-01,1974Q1,75.842979,22.094309,2.062708,24.157017
1974-04-01,1974Q2,74.471001,23.494694,2.034304,25.528997
1974-07-01,1974Q3,75.980415,22.818985,1.200595,24.019581
1974-10-01,1974Q4,77.596352,17.528742,4.874903,22.403645
1975-01-01,1975Q1,79.467995,15.281631,5.250375,20.532005
1975-04-01,1975Q2,79.602135,15.641422,4.756443,20.397865
1975-07-01,1975Q3,80.679855,13.443584,5.876557,19.320141
1975-10-01,1975Q4,78.579453,12.628839,8.791706,21.420544
1976-01-01,1976Q1,78.686111,11.955122,9.358766,21.313889
1976-04-01,1976Q2,79.225037,10.810496,9.964471,20.774967
1976-07-01,1976Q3,78.540436,9.774408,11.685159,21.459568
1976-10-01,1976Q4,75.908485,8.153405,15.938112,24.091518
1977-01-01,1977Q1,74.515007,11.572901,13.912090,25.484991
1977-04-01,1977Q2,73.456429,15.413205,11.130364,26.543570
1977-07-01,1977Q3,72.930351,16.189747,10.879906,27.069653
1977-10-01,1977Q4,72.470306,18.544718,8.984976,27.529694
1978-01-01,1978Q1,71.854042,16.512278,11.633679,28.145958
1978-04-01,1978Q2,72.621338,16.969473,10.409186,27.378658
1978-07-01,1978Q3,72.109879,18.451777,9.438345,27.890121
1978-10-01,1978Q4,72.413506,17.405815,10.180680,27.586494
1979-01-01,1979Q1,72.793091,17.244556,9.962353,27.206909
1979-04-01,1979Q2,71.585236,24.405193,4.009569,28.414762
1979-07-01,1979Q3,72.242447,23.605370,4.152180,27.757549
1979-10-01,1979Q4,72.134399,21.027016,6.838584,27.865601
1980-01-01,1980Q1,72.438835,19.537741,8.023423,27.561165
1980-04-01,1980Q2,73.437599,19.639299,6.923099,26.562399
1980-07-01,1980Q3,74.857170,15.446572,9.696259,25.142830
1980-10-01,1980Q4,73.645470,15.488159,10.866374,26.354534
1981-01-01,1981Q1,74.497345,9.517275,15.985383,25.502659
1981-04-01,1981Q2,73.650879,7.473582,18.875540,26.349121
1981-07-01,1981Q3,72.133514,3.214071,24.652416,27.866488
1981-10-01,1981Q4,71.566147,1.638968,26.794888,28.433855
1982-01-01,1982Q1,72.881104,-1.975114,29.094011,27.118898
1982-04-01,1982Q2,70.663002,1.327746,28.009251,29.336996
1982-07-01,1982Q3,70.335175,5.083339,24.581488,29.664827
1982-10-01,1982Q4,69.622528,8.124571,22.252901,30.377472
1983-01-01,1983Q1,68.976479,6.580789,24.442732,31.023521
1983-04-01,1983Q2,69.328072,9.259965,21.411966,30.671932
1983-07-01,1983Q3,68.334648,11.251928,20.413420,31.665348
1983-10-01,1983Q4,67.766312,13.621369,18.612316,32.233685
1984-01-01,1984Q1,68.759354,11.787220,19.453426,31.240646
1984-04-01,1984Q2,68.069359,14.916207,17.014437,31.930645
1984-07-01,1984Q3,68.625786,15.033788,16.340429,31.374218
1984-10-01,1984Q4,67.297081,17.611387,15.091530,32.702919
1985-01-01,1985Q1,68.069252,16.372532,15.558219,31.930752
1985-04-01,1985Q2,65.391312,21.055660,13.553026,34.608688
1985-07-01,1985Q3,66.478996,19.220301,14.300701,33.521004
1985-10-01,1985Q4,66.060768,19.291529,14.647701,33.939232
1986-01-01,1986Q1,67.093575,17.678894,15.227530,32.906425
1986-04-01,1986Q2,67.677246,19.110868,13.211884,32.322754
1986-07-01,1986Q3,67.580185,16.894365,15.525447,32.419811
1986-10-01,1986Q4,66.367409,16.126881,17.505709,33.632591
1987-01-01,1987Q1,65.990837,16.528831,17.480333,34.009163
1987-04-01,1987Q2,64.888947,18.560780,16.550272,35.111053
1987-07-01,1987Q3,63.828323,19.455252,16.716423,36.171677
1987-10-01,1987Q4,64.142250,20.008617,15.849132,35.857750
1988-01-01,1988Q1,64.218781,21.013075,14.768147,35.781223
1988-04-01,1988Q2,64.546059,21.990005,13.463934,35.453941
1988-07-01,1988Q3,63.816216,23.450577,12.733210,36.183784
1988-10-01,1988Q4,63.598598,24.521593,11.879810,36.401405
1989-01-01,1989Q1,63.591671,24.532988,11.875341,36.408329
1989-04-01,1989Q2,64.202080,24.123615,11.674303,35.797920
1989-07-01,1989Q3,63.801365,24.684683,11.513951,36.198635
1989-10-01,1989Q4,64.291939,22.799332,12.908727,35.708057
1990-01-01,1990Q1,64.754295,19.895735,15.349969,35.245705
1990-04-01,1990Q2,64.648857,17.635008,17.716131,35.351139
1990-07-01,1990Q3,64.905907,15.427592,19.666502,35.094093
1990-10-01,1990Q4,65.332619,14.014151,20.653229,34.667381
1991-01-01,1991Q1,65.703407,12.794465,21.502131,34.296597
1991-04-01,1991Q2,66.536255,10.282448,23.181299,33.463745
1991-07-01,1991Q3,67.495056,7.621871,24.883074,32.504944
1991-10-01,1991Q4,67.446991,8.900762,23.652245,32.553005
1992-01-01,1992Q1,67.826614,8.184649,23.988739,32.173389
1992-04-01,1992Q2,67.349762,8.911218,23.739021,32.650238
1992-07-01,1992Q3,67.891594,8.301958,23.806450,32.108406
1992-10-01,1992Q4,66.931641,11.508406,21.559954,33.068359
1993-01-01,1993Q1,65.234558,13.604723,21.160717,34.765442
1993-04-01,1993Q2,66.018463,14.100816,19.880722,33.981537
1993-07-01,1993Q3,65.697174,16.353188,17.949638,34.302826
1993-10-01,1993Q4,65.971146,18.411268,15.617590,34.028858
1994-01-01,1994Q1,64.662827,18.447954,16.889219,35.337173
1994-04-01,1994Q2,64.279488,18.186941,17.533569,35.720512
1994-07-01,1994Q3,65.015778,17.753229,17.230997,34.984226
1994-10-01,1994Q4,64.132271,19.867689,16.000036,35.867725
1995-01-01,1995Q1,64.844711,19.215496,15.939795,35.155289
1995-04-01,1995Q2,65.322647,19.890884,14.786466,34.677349
1995-07-01,1995Q3,64.399200,20.677549,14.923250,35.600800
1995-10-01,1995Q4,64.442268,20.699171,14.858563,35.557735
1996-01-01,1996Q1,63.839584,19.876736,16.283680,36.160416
1996-04-01,1996Q2,63.156467,20.230465,16.613068,36.843533
1996-07-01,1996Q3,63.106419,19.854187,17.039394,36.893581
1996-10-01,1996Q4,62.913071,19.779444,17.307484,37.086929
1997-01-01,1997Q1,63.198715,18.948305,17.852980,36.801285
1997-04-01,1997Q2,65.222122,16.279554,18.498325,34.777878
1997-07-01,1997Q3,64.693649,17.072851,18.233501,35.306351
1997-10-01,1997Q4,65.659676,17.037333,17.302990,34.340324
1998-01-01,1998Q1,64.033859,19.806360,16.159781,35.966141
1998-04-01,1998Q2,64.828804,19.555368,15.615831,35.171200
1998-07-01,1998Q3,66.254890,19.616798,14.128312,33.745110
1998-10-01,1998Q4,65.475624,21.140501,13.383874,34.524376
1999-01-01,1999Q1,66.650787,20.103798,13.245419,33.349216
1999-04-01,1999Q2,68.302689,18.207769,13.489540,31.697309
1999-07-01,1999Q3,69.030228,16.294285,14.675485,30.969769
1999-10-01,1999Q4,68.338112,17.986277,13.675610,31.661886
2000-01-01,2000Q1,68.020683,18.066042,13.913274,31.979317
2000-04-01,2000Q2,69.172768,15.983246,14.843984,30.827229
2000-07-01,2000Q3,68.916351,16.205328,14.878323,31.083651
2000-10-01,2000Q4,70.516685,13.886910,15.596401,29.483311
2001-01-01,2001Q1,70.877121,14.074476,15.048401,29.122877
2001-04-01,2001Q2,70.167969,15.556908,14.275122,29.832029
2001-07-01,2001Q3,70.200768,15.696329,14.102906,29.799236
2001-10-01,2001Q4,70.419319,16.322872,13.257811,29.580683
2002-01-01,2002Q1,70.037682,15.304533,14.657786,29.962318
2002-04-01,2002Q2,69.750038,15.133728,15.116237,30.249966
2002-07-01,2002Q3,68.908867,17.236330,13.854800,31.091129
2002-10-01,2002Q4,68.569801,18.713718,12.716478,31.430197
2003-01-01,2003Q1,68.315598,19.994043,11.690362,31.684406
2003-04-01,2003Q2,68.360641,19.687153,11.952202,31.639355
2003-07-01,2003Q3,68.421005,18.368460,13.210533,31.578993
2003-10-01,2003Q4,68.847450,16.955309,14.197238,31.152546
2004-01-01,2004Q1,69.889511,16.085001,14.025489,30.110489
2004-04-01,2004Q2,68.599564,17.418610,13.981827,31.400436
2004-07-01,2004Q3,69.364746,16.227468,14.407786,30.635254
2004-10-01,2004Q4,69.793739,16.873272,13.332992,30.206264
2005-01-01,2005Q1,69.551292,17.637070,12.811642,30.448711
2005-04-01,2005Q2,68.247017,19.481667,12.271314,31.752979
2005-07-01,2005Q3,69.338631,18.720438,11.940930,30.661369
2005-10-01,2005Q4,68.474472,20.344320,11.181209,31.525528
2006-01-01,2006Q1,69.308426,19.444012,11.247563,30.691574
2006-04-01,2006Q2,68.501717,19.820496,11.677788,31.498283
2006-07-01,2006Q3,68.981064,19.229593,11.789343,31.018936
2006-10-01,2006Q4,70.221893,18.418209,11.359896,29.778105
2007-01-01,2007Q1,71.111023,17.463526,11.425450,28.888977
2007-04-01,2007Q2,69.889656,18.389219,11.721123,30.110342
2007-07-01,2007Q3,69.911598,17.953167,12.135233,30.088400
2007-10-01,2007Q4,69.487831,18.309216,12.202957,30.512173
2008-01-01,2008Q1,69.752487,18.075954,12.171560,30.247515
2008-04-01,2008Q2,69.313202,17.820808,12.865988,30.686796
2008-07-01,2008Q3,68.600250,18.480911,12.918839,31.399750
2008-10-01,2008Q4,68.758240,18.529636,12.712121,31.241756
2009-01-01,2009Q1,68.668457,18.379602,12.951941,31.331543
2009-04-01,2009Q2,69.801010,16.276932,13.922060,30.198992
2009-07-01,2009Q3,69.163422,16.441137,14.395446,30.836582
2009-10-01,2009Q4,69.893478,15.508349,14.598171,30.106522
2010-01-01,2010Q1,69.424049,15.937710,14.638239,30.575949
2010-04-01,2010Q2,69.452820,16.090946,14.456232,30.547178
2010-07-01,2010Q3,69.250580,17.548101,13.201316,30.749416
2010-10-01,2010Q4,69.021194,17.765591,13.213214,30.978806
2011-01-01,2011Q1,69.305649,17.926577,12.767776,30.694353
2011-04-01,2011Q2,69.294289,18.480324,12.225389,30.705713
2011-07-01,2011Q3,68.946594,19.494520,11.558886,31.053406
2011-10-01,2011Q4,67.935852,20.824896,11.239250,32.064148
2012-01-01,2012Q1,68.856621,20.296015,10.847364,31.143379
2012-04-01,2012Q2,68.644600,20.804369,10.551029,31.355398
2012-07-01,2012Q3,67.958237,22.054937,9.986827,32.041763
2012-10-01,2012Q4,67.932007,21.820829,10.247167,32.067997
2013-01-01,2013Q1,67.751137,21.570213,10.678654,32.248867
2013-04-01,2013Q2,68.958656,20.492571,10.548771,31.041342
2013-07-01,2013Q3,68.263855,20.424498,11.311650,31.736149
2013-10-01,2013Q4,68.477600,19.633984,11.888416,31.522400
2014-01-01,2014Q1,68.159554,20.233805,11.606640,31.840445
2014-04-01,2014Q2,67.663734,20.804901,11.531363,32.336266
2014-07-01,2014Q3,66.244087,22.491610,11.264300,33.755909
2014-10-01,2014Q4,66.823273,21.637877,11.538850,33.176727
2015-01-01,2015Q1,67.279457,21.524399,11.196144,32.720543
2015-04-01,2015Q2,67.605743,21.534101,10.860152,32.394253
2015-07-01,2015Q3,68.334045,20.401974,11.263983,31.665956
2015-10-01,2015Q4,68.572685,20.163116,11.264202,31.427319
2016-01-01,2016Q1,68.163940,21.424566,10.411490,31.836056
2016-04-01,2016Q2,68.493042,21.840950,9.666005,31.506954
2016-07-01,2016Q3,68.413849,22.307079,9.279072,31.586151
2016-10-01,2016Q4,67.223106,23.319338,9.457554,32.776894
2017-01-01,2017Q1,67.308975,23.083799,9.607225,32.691025
2017-04-01,2017Q2,67.905769,22.737152,9.357076,32.094227
2017-07-01,2017Q3,67.535385,23.177315,9.287296,32.464611
2017-10-01,2017Q4,67.456032,23.504307,9.039662,32.543968
2018-01-01,2018Q1,67.882538,22.784195,9.333266,32.117462
2018-04-01,2018Q2,67.595825,23.035282,9.368896,32.404179
2018-07-01,2018Q3,68.182251,22.245794,9.571952,31.817745
2018-10-01,2018Q4,68.781273,21.230598,9.988126,31.218723
2019-01-01,2019Q1,68.375114,21.943426,9.681458,31.624884
2019-04-01,2019Q2,69.386467,21.456717,9.156813,30.613529
2019-07-01,2019Q3,68.319153,22.405533,9.275314,31.680847
2019-10-01,2019Q4,68.036285,21.309336,10.654376,31.963711
2020-01-01,2020Q1,68.318298,21.252081,10.429618,31.681698
2020-04-01,2020Q2,69.393257,21.348003,9.258737,30.606739
2020-07-01,2020Q3,67.566711,24.986134,7.447155,32.433289
2020-10-01,2020Q4,69.150314,22.033634,8.816049,30.849682
2021-01-01,2021Q1,68.798653,22.098124,9.103221,31.201344
2021-04-01,2021Q2,68.132263,23.307545,8.560191,31.867737
2021-07-01,2021Q3,68.336395,24.443827,7.219777,31.663603
2021-10-01,2021Q4,67.809021,25.997648,6.193331,32.190979
2022-01-01,2022Q1,67.999023,26.134569,5.866408,32.000977
2022-04-01,2022Q2,68.265900,25.133213,6.600890,31.734102
2022-07-01,2022Q3,67.640129,25.539944,6.819925,32.359867
2022-10-01,2022Q4,66.905060,22.620148,10.474795,33.094944
2023-01-01,2023Q1,66.021492,24.568705,9.409806,33.978512
2023-04-01,2023Q2,67.754662,22.542435,9.702903,32.245338
2023-07-01,2023Q3,68.024734,20.667316,11.307953,31.975269
2023-10-01,2023Q4,68.586502,18.854073,12.559422,31.413494
2024-01-01,2024Q1,68.727509,17.958879,13.313609,31.272488
2024-04-01,2024Q2,68.895737,17.724995,13.379272,31.104267
2024-07-01,2024Q3,68.784302,18.061758,13.153939,31.215698
2024-10-01,2024Q4,69.569199,17.262573,13.168226,30.430799
2025-01-01,2025Q1,69.868973,17.338343,12.792687,30.131031
2025-04-01,2025Q2,69.996452,17.155500,12.848046,30.003548
