shock,dateq,quarter,period,cgls,cgcs,cgps,cggoss
1973Q4,01/10/1973,1973Q4,0,0.00,0.00,0.00,0.00
1973Q4,01/01/1974,1974Q1,1,3.70,3.51,-7.21,-3.70
1973Q4,01/04/1974,1974Q2,2,2.33,3.48,-5.81,-2.33
1973Q4,01/07/1974,1974Q3,3,3.84,2.65,-6.49,-3.84
1973Q4,01/10/1974,1974Q4,4,5.45,6.32,-11.78,-5.45
1973Q4,01/01/1975,1975Q1,5,7.32,6.70,-14.02,-7.32
1973Q4,01/04/1975,1975Q2,6,7.46,6.21,-13.66,-7.46
1973Q4,01/07/1975,1975Q3,7,8.54,7.33,-15.86,-8.54
1973Q4,01/10/1975,1975Q4,8,6.44,10.24,-16.68,-6.44
1973Q4,01/01/1976,1976Q1,9,6.54,10.81,-17.35,-6.54
1973Q4,01/04/1976,1976Q2,10,7.08,11.41,-18.49,-7.08
1973Q4,01/07/1976,1976Q3,11,6.40,13.13,-19.53,-6.40
1973Q4,01/10/1976,1976Q4,12,3.76,17.39,-21.15,-3.76
1973Q4,01/01/1977,1977Q1,13,2.37,15.36,-17.73,-2.37
1973Q4,01/04/1977,1977Q2,14,1.31,12.58,-13.89,-1.31
1973Q4,01/07/1977,1977Q3,15,0.79,12.33,-13.12,-0.79
1973Q4,01/10/1977,1977Q4,16,0.33,10.43,-10.76,-0.33
1973Q4,01/01/1978,1978Q1,17,-0.29,13.08,-12.79,0.29
1973Q4,01/04/1978,1978Q2,18,0.48,11.86,-12.34,-0.48
1973Q4,01/07/1978,1978Q3,19,-0.03,10.89,-10.85,0.03
1973Q4,01/10/1978,1978Q4,20,0.27,11.63,-11.90,-0.27
1973Q4,01/01/1979,1979Q1,21,0.65,11.41,-12.06,-0.65
1973Q4,01/04/1979,1979Q2,22,-0.56,5.46,-4.90,0.56
1973Q4,01/07/1979,1979Q3,23,0.10,5.60,-5.70,-0.10
1979Q4,01/10/1979,1979Q4,0,0.00,0.00,0.00,0.00
1979Q4,01/01/1980,1980Q1,1,0.30,1.18,-1.49,-0.30
1979Q4,01/04/1980,1980Q2,2,1.30,0.08,-1.39,-1.30
1979Q4,01/07/1980,1980Q3,3,2.72,2.86,-5.58,-2.72
1979Q4,01/10/1980,1980Q4,4,1.51,4.03,-5.54,-1.51
1979Q4,01/01/1981,1981Q1,5,2.36,9.15,-11.51,-2.36
1979Q4,01/04/1981,1981Q2,6,1.52,12.04,-13.55,-1.52
1979Q4,01/07/1981,1981Q3,7,0.00,17.81,-17.81,0.00
1979Q4,01/10/1981,1981Q4,8,-0.57,19.96,-19.39,0.57
1979Q4,01/01/1982,1982Q1,9,0.75,22.26,-23.00,-0.75
1979Q4,01/04/1982,1982Q2,10,-1.47,21.17,-19.70,1.47
1979Q4,01/07/1982,1982Q3,11,-1.80,17.74,-15.94,1.80
1979Q4,01/10/1982,1982Q4,12,-2.51,15.41,-12.90,2.51
1979Q4,01/01/1983,1983Q1,13,-3.16,17.60,-14.45,3.16
1979Q4,01/04/1983,1983Q2,14,-2.81,14.57,-11.77,2.81
1979Q4,01/07/1983,1983Q3,15,-3.80,13.57,-9.78,3.80
1979Q4,01/10/1983,1983Q4,16,-4.37,11.77,-7.41,4.37
1979Q4,01/01/1984,1984Q1,17,-3.38,12.61,-9.24,3.38
1979Q4,01/04/1984,1984Q2,18,-4.07,10.18,-6.11,4.07
1979Q4,01/07/1984,1984Q3,19,-3.51,9.50,-5.99,3.51
1979Q4,01/10/1984,1984Q4,20,-4.84,8.25,-3.42,4.84
1979Q4,01/01/1985,1985Q1,21,-4.07,8.72,-4.65,4.07
1979Q4,01/04/1985,1985Q2,22,-6.74,6.71,0.03,6.74
1979Q4,01/07/1985,1985Q3,23,-5.66,7.46,-1.81,5.66
2022Q1,01/01/2022,2022Q1,0,0.00,0.00,0.00,0.00
2022Q1,01/04/2022,2022Q2,1,0.27,0.73,-1.00,-0.27
2022Q1,01/07/2022,2022Q3,2,-0.36,0.95,-0.59,0.36
2022Q1,01/10/2022,2022Q4,3,-1.09,4.61,-3.51,1.09
2022Q1,01/01/2023,2023Q1,4,-1.98,3.74,-1.77,1.98
2022Q1,01/04/2023,2023Q2,5,-0.24,3.63,-3.39,0.24
2022Q1,01/07/2023,2023Q3,6,0.03,5.20,-5.22,-0.03
2022Q1,01/10/2023,2023Q4,7,0.59,6.53,-7.11,-0.59
2022Q1,01/01/2024,2024Q1,8,0.74,7.17,-7.91,-0.74
2022Q1,01/04/2024,2024Q2,9,0.81,7.23,-8.03,-0.81
2022Q1,01/07/2024,2024Q3,10,0.63,7.01,-7.64,-0.63
2022Q1,01/10/2024,2024Q4,11,1.13,6.84,-7.98,-1.13
2022Q1,01/01/2025,2025Q1,12,1.51,6.54,-8.05,-1.51
2022Q1,01/04/2025,2025Q2,13,1.60,6.28,-7.88,-1.60
2022Q1,01/07/2025,2025Q3,14,1.93,7.00,-8.93,-1.93
2022Q1,01/10/2025,2025Q4,15,1.68,7.34,-9.02,-1.68
